{
    "ACHWU: All Ceylon Health Workers' Union": 0.05203785093451515,
    "ACMC: All Ceylon Makkal Congress": 0.05203785093451515,
    "Buddhist Group (Sri Lanka)": 0.14247018813038453,
    "CPSL: Communist Party of Sri Lanka": 0.05203785093451515,
    "CTU: Ceylon Teachers Union": 0.07940965682654572,
    "Catholic Christian Group (Sri Lanka)": 0.0871964036159513,
    "Christian Group (Sri Lanka)": 0.05203785093451515,
    "Civilians (Sri Lanka)": 0.2752697532929544,
    "DLF: Democratic Left Front": 0.05203785093451515,
    "DPF: Democratic People's Front": 0.05203785093451515,
    "FLSP: Frontline Socialist Party": 0.0799398295569178,
    "Farmers (Sri Lanka)": 0.0871964036159513,
    "Fishers (India)": 0.028180616954110144,
    "Fishers (Sri Lanka)": 0.14247018813038453,
    "Former Government of Sri Lanka (2019-)": 0.14247018813038453,
    "GMOA: Government Medical Officers' Association": 0.05203785093451515,
    "Government of Sri Lanka (2019-)": 0.1449897529507842,
    "Health Workers (Sri Lanka)": 0.11456820950798187,
    "Henawatta Communal Group (Sri Lanka)": 0.02790197862240265,
    "Hindu Group (Sri Lanka)": 0.07940965682654572,
    "ITAK: Illankai Tamil Arasu Kachchi": 0.05203785093451515,
    "IUBF: Inter University Bhikkhu Front": 0.05203785093451515,
    "IUSF: Inter University Students' Federation": 0.11509838223835395,
    "IUTUF: Inter University Trade Union Federation": 0.0871964036159513,
    "JUGU: Joint Unemployed Graduates' Union": 0.05203785093451515,
    "JVP: Janatha Vimukthi Peramuna": 0.11509838223835395,
    "Journalists (Sri Lanka)": 0.1054431782675878,
    "LGBTQ+ (Sri Lanka)": 0.05203785093451515,
    "LSSP: Lanka Sama Samaja Party": 0.05203785093451515,
    "Labor Group (Sri Lanka)": 0.14247018813038453,
    "Lawyers (Sri Lanka)": 0.07028462558615166,
    "Military Forces of Sri Lanka (2019-)": 0.18350124603087922,
    "Muslim Group (Sri Lanka)": 0.05203785093451515,
    "NDMLP: New-Democratic Marxist-Leninist Party": 0.05203785093451515,
    "NPP: National People's Power": 0.05203785093451515,
    "NTUA: National Trade Union Alliance": 0.05203785093451515,
    "NTUC: National Trade Union Center": 0.05203785093451515,
    "Police Forces of Sri Lanka (2019-)": 0.3535793556094068,
    "Police Forces of Sri Lanka (2019-) Prison Guards": 0.006333166843300213,
    "Police Forces of Sri Lanka (2019-) Special Task Force": 0.05340532733307266,
    "Prisoners (Sri Lanka)": 0.06369027472451116,
    "Private Security Forces (Sri Lanka)": 0.02533864983063949,
    "Protesters (International)": 0.05203785093451515,
    "Protesters (Sri Lanka)": 0.5233319403527399,
    "Rioters (India)": 0.00280219906389267,
    "Rioters (Sri Lanka)": 0.28060273813354947,
    "SDPT: Social Democratic Party of Tamils": 0.05203785093451515,
    "SJB: Samagi Jana Balavegaya": 0.14247018813038453,
    "SLFP: Sri Lanka Freedom Party": 0.05203785093451515,
    "SLMC: Sri Lanka Muslim Congress": 0.05203785093451515,
    "SLPFA: Sri Lanka People's Freedom Alliance": 0.07940965682654572,
    "SLPP: Sri Lanka People's Front": 0.10983120026934803,
    "STB: Samagi Tharuna Balawegaya": 0.05203785093451515,
    "SVB: Samagi Vanitha Balawegaya": 0.0871964036159513,
    "SYU: Socialist Youth Union": 0.0871964036159513,
    "Sinhala Ravay": 0.05203785093451515,
    "Sinhalese Ethnic Group (Sri Lanka)": 0.05203785093451515,
    "Students (Sri Lanka)": 0.11509838223835395,
    "TNA: Tamil National Alliance": 0.11509838223835395,
    "TNPF: Tamil National People's Front": 0.05203785093451515,
    "TPA: Tamil Progressive Alliance": 0.05203785093451515,
    "TUCC: Trade Union Coordinating Centre": 0.05203785093451515,
    "TUMO: Trade Unions and Mass Organisations": 0.05203785093451515,
    "Tamil Ethnic Group (Sri Lanka)": 0.11509838223835395,
    "Teachers (Sri Lanka)": 0.10731163544894838,
    "UNP: United National Party": 0.0799398295569178,
    "UPFA: United People's Freedom Alliance": 0.0799398295569178,
    "UTUC: United Trade Union Confederation": 0.05203785093451515,
    "Women (Sri Lanka)": 0.0871964036159513
}