{
    "ACHWU: All Ceylon Health Workers' Union": 0.005599137268794836,
    "ACMC: All Ceylon Makkal Congress": 0.005599137268794836,
    "Buddhist Group (Sri Lanka)": 0.014054991156971789,
    "CPSL: Communist Party of Sri Lanka": 0.005599137268794836,
    "CTU: Ceylon Teachers Union": 0.00837491624435047,
    "Catholic Christian Group (Sri Lanka)": 0.008414632670749024,
    "Christian Group (Sri Lanka)": 0.005599137268794836,
    "Civilians (Sri Lanka)": 0.0522521465521209,
    "DLF: Democratic Left Front": 0.005599137268794836,
    "DPF: Democratic People's Front": 0.005599137268794836,
    "FLSP: Frontline Socialist Party": 0.008463716779461969,
    "Farmers (Sri Lanka)": 0.008414632670749024,
    "Fishers (India)": 0.010780838007600928,
    "Fishers (Sri Lanka)": 0.014054991156971789,
    "Former Government of Sri Lanka (2019-)": 0.014054991156971789,
    "GMOA: Government Medical Officers' Association": 0.005599137268794836,
    "Government of Sri Lanka (2019-)": 0.01758290308644525,
    "Health Workers (Sri Lanka)": 0.011190411646304656,
    "Henawatta Communal Group (Sri Lanka)": 0.005038492554145393,
    "Hindu Group (Sri Lanka)": 0.00837491624435047,
    "ITAK: Illankai Tamil Arasu Kachchi": 0.005599137268794836,
    "IUBF: Inter University Bhikkhu Front": 0.005599137268794836,
    "IUSF: Inter University Students' Federation": 0.011279212181416157,
    "IUTUF: Inter University Trade Union Federation": 0.008414632670749024,
    "JUGU: Joint Unemployed Graduates' Union": 0.005599137268794836,
    "JVP: Janatha Vimukthi Peramuna": 0.011279212181416157,
    "Journalists (Sri Lanka)": 0.011291622774785997,
    "LGBTQ+ (Sri Lanka)": 0.005599137268794836,
    "LSSP: Lanka Sama Samaja Party": 0.005599137268794836,
    "Labor Group (Sri Lanka)": 0.014054991156971789,
    "Lawyers (Sri Lanka)": 0.00847612737283181,
    "Military Forces of Sri Lanka (2019-)": 0.02707711081394941,
    "Muslim Group (Sri Lanka)": 0.005599137268794836,
    "NDMLP: New-Democratic Marxist-Leninist Party": 0.005599137268794836,
    "NPP: National People's Power": 0.005599137268794836,
    "NTUA: National Trade Union Alliance": 0.005599137268794836,
    "NTUC: National Trade Union Center": 0.005599137268794836,
    "Police Forces of Sri Lanka (2019-)": 0.08281299040764915,
    "Police Forces of Sri Lanka (2019-) Prison Guards": 0.005794964719068287,
    "Police Forces of Sri Lanka (2019-) Special Task Force": 0.007866398549469421,
    "Prisoners (Sri Lanka)": 0.01277949454447445,
    "Private Security Forces (Sri Lanka)": 0.008301467203236391,
    "Protesters (International)": 0.005599137268794836,
    "Protesters (Sri Lanka)": 0.24179586194825695,
    "Rioters (India)": 0.006756007381076896,
    "Rioters (Sri Lanka)": 0.0741465664161539,
    "SDPT: Social Democratic Party of Tamils": 0.005599137268794836,
    "SJB: Samagi Jana Balavegaya": 0.014054991156971789,
    "SLFP: Sri Lanka Freedom Party": 0.005599137268794836,
    "SLMC: Sri Lanka Muslim Congress": 0.005599137268794836,
    "SLPFA: Sri Lanka People's Freedom Alliance": 0.00837491624435047,
    "SLPP: Sri Lanka People's Front": 0.014767407684491064,
    "STB: Samagi Tharuna Balawegaya": 0.005599137268794836,
    "SVB: Samagi Vanitha Balawegaya": 0.008414632670749024,
    "SYU: Socialist Youth Union": 0.008414632670749024,
    "Sinhala Ravay": 0.005599137268794836,
    "Sinhalese Ethnic Group (Sri Lanka)": 0.005599137268794836,
    "Students (Sri Lanka)": 0.011279212181416157,
    "TNA: Tamil National Alliance": 0.011279212181416157,
    "TNPF: Tamil National People's Front": 0.005599137268794836,
    "TPA: Tamil Progressive Alliance": 0.005599137268794836,
    "TUCC: Trade Union Coordinating Centre": 0.005599137268794836,
    "TUMO: Trade Unions and Mass Organisations": 0.005599137268794836,
    "Tamil Ethnic Group (Sri Lanka)": 0.011279212181416157,
    "Teachers (Sri Lanka)": 0.011239495755017603,
    "UNP: United National Party": 0.008463716779461969,
    "UPFA: United People's Freedom Alliance": 0.008463716779461969,
    "UTUC: United Trade Union Confederation": 0.005599137268794836,
    "Women (Sri Lanka)": 0.008414632670749024
}